Job Title,Company,Location,Link,Logo URL
Inside Sales Representative,Yelp,United States West Region,https://jobspresso.co/job/inside-sales-representative-3/,https://jobspresso.co/wp-content/uploads/29694598_10155780405222886_1119383701947345527_n1-150x150.jpg
"Inbound Sales Agent, 2nd Shift",Wayfair,United States,https://jobspresso.co/job/inbound-sales-agent-2nd-shift/,https://jobspresso.co/wp-content/uploads/fGVxLrW0_400x4001-150x150.jpg
"Channel Account Executive, Zoom Phone",Zoom,United States,https://jobspresso.co/job/channel-account-executive-zoom-phone/,https://jobspresso.co/wp-content/uploads/50476262_2159293254092471_8997900049249730560_n-150x150.png
"Professional Services Sales Representative, Zoom Phone",Zoom,United States,https://jobspresso.co/job/professional-services-sales-representative-zoom-phone/,https://jobspresso.co/wp-content/uploads/50476262_2159293254092471_8997900049249730560_n-150x150.png
Sales Manager,ModSquad,US East Coast,https://jobspresso.co/job/sales-manager-5/,https://jobspresso.co/wp-content/uploads/56381657_2119959881374390_7021587409389223936_n1-150x150.png
Business Development Representative,Percona,Anywhere in US,https://jobspresso.co/job/business-development-representative-3/,https://jobspresso.co/wp-content/uploads/bullseye-800_400x4001-150x150.png
Inside Sales Representative,Impossible Foods,Anywhere in US,https://jobspresso.co/job/inside-sales-representative/,https://jobspresso.co/wp-content/uploads/64732632_2458265330896932_8124015045081300992_o1-150x150.jpg
Sales Manager,Zoom,Anywhere in US,https://jobspresso.co/job/sales-manager/,https://jobspresso.co/wp-content/uploads/50476262_2159293254092471_8997900049249730560_n-150x150.png
Services Sales Representative,GitHub,US West Coast,https://jobspresso.co/job/services-sales-representative/,https://jobspresso.co/wp-content/uploads/2016/02/pBeeJQDQ_400x4001-150x150.png
Sales Operation Strategy/Analyst,ModSquad,Anywhere,https://jobspresso.co/job/customer-support-moderation-east-coast-3-2/,https://jobspresso.co/wp-content/uploads/73008443_2440716995965342_5064289152388825088_n-150x150.png
Senior Sales Business Analyst,WebMD,Anywhere in US,https://jobspresso.co/job/video-production-coordinator-2/,https://jobspresso.co/wp-content/uploads/wbmd1-150x150.png
Sales Development Representative,CodeCombat,Anywhere in US,https://jobspresso.co/job/education-specialist-2-2/,https://jobspresso.co/wp-content/uploads/1559655_417486308401450_272419315397267485_n1-150x150.png
Strategic Account Executive,Zendesk,Southern California,https://jobspresso.co/job/project-manager-emea-2/,https://jobspresso.co/wp-content/uploads/2017/05/7OhDQq9H1-150x150.jpg
Enterprise Sales Executive,Stack Overflow,US West Coast,https://jobspresso.co/job/enterprise-sales-executive-2/,https://jobspresso.co/wp-content/uploads/2016/03/F-pVCbHg_400x4001-150x150.png
VP of Enterprise Sales,HackerRank,Anywhere in US,https://jobspresso.co/job/vp-enterprise-sales/,https://jobspresso.co/wp-content/uploads/IxwXYa82_400x4001-150x150.jpg
Sales Operations Intern,InVision,Anywhere,https://jobspresso.co/job/sales-operations-intern/,https://jobspresso.co/wp-content/uploads/2016/06/r9uL4jWU1-150x150.png
Director of Sales,Bulletproof,US West Coast,https://jobspresso.co/job/director-of-sales-2/,https://jobspresso.co/wp-content/uploads/13882471_1033847669996201_839487745553447751_n1-150x150.png
Enterprise Account Manager,InVision,US East Coast,https://jobspresso.co/job/enterprise-account-manager/,https://jobspresso.co/wp-content/uploads/2016/06/r9uL4jWU1-150x150.png
"Sales Director, Consumer Electronics",Fender Guitars,Anywhere in US,https://jobspresso.co/job/sales-director-consumer-electronics/,https://jobspresso.co/wp-content/uploads/XeOiqdgp_400x4001-150x150.jpg
"Account Executive, Enterprise",HackerRank,Anywhere in NYC or SF,https://jobspresso.co/job/account-executive-enterprise/,https://jobspresso.co/wp-content/uploads/IxwXYa82_400x4001-150x150.jpg
Sales Development Representative,C-Level Connections,Anywhere in US,https://jobspresso.co/job/c-level-connections-sales-development-representative/,https://jobspresso.co/wp-content/uploads/8RiaNq0-_400x4001-150x150.jpg
Sales Representative,Museum Hack,Eastern Time Zone,https://jobspresso.co/job/sales-representative-3/,https://jobspresso.co/wp-content/uploads/13770377_1078464218855733_1021561952177188400_n1-150x150.png
Inbound Sales Manager,Museum Hack,Anywhere in North America,https://jobspresso.co/job/growth-marketer-3/,https://jobspresso.co/wp-content/uploads/13770377_1078464218855733_1021561952177188400_n1-150x150.png
Sales Compensation Analyst,InVision,Anywhere,https://jobspresso.co/job/sales-compensation-analyst/,https://jobspresso.co/wp-content/uploads/2016/06/r9uL4jWU1-150x150.png
Technical Account Manager,Twilio,Anywhere in US,https://jobspresso.co/job/technical-account-manager-2/,https://jobspresso.co/wp-content/uploads/gB7Sa7Jx_400x4001-150x150.jpg
Account Executive,Reddit,Remotely in Detroit,https://jobspresso.co/job/account-executive/,https://jobspresso.co/wp-content/uploads/fjCSPU-a_400x4001-150x150.jpg
Senior Enterprise Sales Representative,Shopify,Anywhere,https://jobspresso.co/job/senior-enterprise-sales-representative/,https://jobspresso.co/wp-content/uploads/2016/08/Q9Y8CMr71-150x150.jpg
Sales Development Representative,InVision,Anywhere,https://jobspresso.co/job/sales-development-representative-3/,https://jobspresso.co/wp-content/uploads/2016/06/r9uL4jWU1-150x150.png
Senior Manager of Sales & Service,Wayfair,Anywhere in Ireland,https://jobspresso.co/job/senior-manager-sales-service/,https://jobspresso.co/wp-content/uploads/fGVxLrW0_400x4001-150x150.jpg
Enterprise Account Executive,Lever,Anywhere in US,https://jobspresso.co/job/enterprise-account-executive/,https://jobspresso.co/wp-content/uploads/1377472_243430142473328_330859586_n1-150x150.png
Strategic Account Executive,Bill.com,Anywhere in US,https://jobspresso.co/job/strategic-account-executive/,https://jobspresso.co/wp-content/uploads/2017/04/luHgxGZ61-150x150.png
Enterprise Sales Executive,Rockbot,Anywhere in US,https://jobspresso.co/job/enterprise-sales-executive/,https://jobspresso.co/wp-content/uploads/1661105_637983682922278_221205645_n1-150x150.png
Inbound Sales Representative,Museum Hack,US Eastern Time Zone,https://jobspresso.co/job/inbound-sales-representative/,https://jobspresso.co/wp-content/uploads/13770377_1078464218855733_1021561952177188400_n1-150x150.png
Executive Account Manager,Tile,Anywhere in US,https://jobspresso.co/job/executive-account-manager/,https://jobspresso.co/wp-content/uploads/14192675_1219149544771950_1072731406147474331_n1-150x150.png
Sales Manager,Bulletproof,US West Coast,https://jobspresso.co/job/sales-manager-4/,https://jobspresso.co/wp-content/uploads/13882471_1033847669996201_839487745553447751_n1-150x150.png
Sales Operations Manager,InVision,Anywhere,https://jobspresso.co/job/sales-operations-manager-2/,https://jobspresso.co/wp-content/uploads/2016/06/r9uL4jWU1-150x150.png
Technical Account Manager,Red Hat,US West Coast,https://jobspresso.co/job/technical-account-manager-8/,https://jobspresso.co/wp-content/uploads/2016/04/red_hat_logo1-150x150.jpg
Technical Account Engineer,Automattic,Anywhere,https://jobspresso.co/job/technical-account-engineer-2/,https://jobspresso.co/wp-content/uploads/2015/04/Automattic-150x150.png
Healthcare Sales Advisor,Amazon,Anywhere in US,https://jobspresso.co/job/healthcare-customer-advisor/,https://jobspresso.co/wp-content/uploads/2016/03/ClSB1Oo__400x4001-150x150.jpg
"Director, Strategic Sales",InVision,Anywhere,https://jobspresso.co/job/director-strategic-sales/,https://jobspresso.co/wp-content/uploads/2016/06/r9uL4jWU1-150x150.png
"Director, Sales Insights",InVision,Anywhere,https://jobspresso.co/job/director-sales-insights/,https://jobspresso.co/wp-content/uploads/2016/06/r9uL4jWU1-150x150.png
"Strategic Sales, EMEA",Zendesk,"Europe, the Middle East and Africa",https://jobspresso.co/job/strategic-sales-emea/,https://jobspresso.co/wp-content/uploads/2017/05/7OhDQq9H1-150x150.jpg
Sales Representative,Certent,US East Coast,https://jobspresso.co/job/sales-representative-2/,https://jobspresso.co/wp-content/uploads/2017/04/10408485_1026371157389493_3288215339649650682_n1-150x150.jpg
Business Development Representative,Udemy,Anywhere in US,https://jobspresso.co/job/business-development-representative-2/,https://jobspresso.co/wp-content/uploads/2017/04/14717285_1355206027852791_6693951318786797132_n1-150x150.jpg
Corporate Account Executive,InVision,Anywhere,https://jobspresso.co/job/corporate-account-executive-2/,https://jobspresso.co/wp-content/uploads/2016/06/r9uL4jWU1-150x150.png
Outbound Business Development Representative,InVision,Anywhere,https://jobspresso.co/job/outbound-business-development-representative/,https://jobspresso.co/wp-content/uploads/2016/06/r9uL4jWU1-150x150.png
Enterprise Account Executive,InVision,Anywhere in US,https://jobspresso.co/job/enterprise-account-executive-4/,https://jobspresso.co/wp-content/uploads/2016/06/r9uL4jWU1-150x150.png
Sales Manager,Sports Illustrated,Anywhere in US,https://jobspresso.co/job/sales-manager-3/,https://jobspresso.co/wp-content/uploads/2017/03/GrPXNmam1-150x150.jpg
Senior Account Executive,CareMessage,Anywhere in US,https://jobspresso.co/job/senior-account-executive/,https://jobspresso.co/wp-content/uploads/2016/11/caremessage-logo1-150x150.jpg
Strategic Account Manager,Mixmax,Anywhere,https://jobspresso.co/job/strategic-account-manager/,https://jobspresso.co/wp-content/uploads/2016/03/Twl5UdfM_400x4001-150x150.png
Enterprise Account Executive,GoDaddy,Anywhere in US,https://jobspresso.co/job/enterprise-account-executive-3/,https://jobspresso.co/wp-content/uploads/2016/04/LBOnKG5g1-150x150.jpg
Senior Sales Engineer,Crew,Anywhere,https://jobspresso.co/job/senior-sales-engineer/,https://jobspresso.co/wp-content/uploads/2016/09/TKZyoQxA1-150x150.png
Technical Account Manager,CrowdStrike,Anywhere in US,https://jobspresso.co/job/technical-account-manager-7/,https://jobspresso.co/wp-content/uploads/2015/11/7oLQvjPZ_400x4001-150x150.jpeg
Pre-Sales Solutions Architect,Marketo,Anywhere in US,https://jobspresso.co/job/pre-sales-solutions-architect/,https://jobspresso.co/wp-content/uploads/2016/05/cwkQCmrQ1-150x150.jpg
