Job Title,Company,Location,Job URL,Logo URL
SDR Senior Manager - APAC,Jfrog,Bengaluru,https://www.naukri.com/job-listings-sdr-senior-manager-apac-jfrog-bengaluru-7-to-12-years-270625503157,https://img.naukimg.com/logo_images/groups/v1/3167578.gif
SDR,SAM Manpower & Career Services,Bengaluru,https://www.naukri.com/job-listings-sdr-sam-manpower-career-services-bengaluru-1-to-3-years-270625030392,https://img.naukimg.com/logo_images/groups/v1/4872679.gif
"BDE, SDR,",Big 4 Consulting Firm,Bhavnagar,https://www.naukri.com/job-listings-bde-sdr-omniism-technologies-bhavnagar-2-to-7-years-250625933929,https://img.naukimg.com/logo_images/groups/v1/4616245.gif
SDR Professional,Software Product Development Unicorn,Hiring office located in Remote,https://www.naukri.com/job-listings-sdr-professional-pricelabs-remote-1-to-3-years-240625503113,https://img.naukimg.com/logo_images/groups/v1/5687710.gif
Inside Sales Executive / SDR,,Mumbai (All Areas),https://www.naukri.com/job-listings-inside-sales-executive-sdr-aion-tech-solutions-mumbai-all-areas-2-to-5-years-240625014928,https://img.naukimg.com/logo_images/groups/v1/10363922.gif
Sales Development Representative ( SDR ),,"Mumbai, Andheri East",https://www.naukri.com/job-listings-sales-development-representative-sdr-sharpsell-ai-mumbai-andheri-east-1-to-3-years-230625923570,https://img.naukimg.com/logo_images/groups/v1/7421925.gif
SDR,,Mumbai,https://www.naukri.com/job-listings-sdr-konnect-insights-mumbai-1-to-3-years-230625500132,https://img.naukimg.com/logo_images/groups/v1/7162368.gif
SDR Team Lead,Omniism Technologies,Gurugram,https://www.naukri.com/job-listings-sdr-team-lead-spectra-gurugram-8-to-13-years-230625006122,https://img.naukimg.com/logo_images/groups/v1/177248.gif
Team Lead - SDR - US,Pricelabs,Navi Mumbai,https://www.naukri.com/job-listings-team-lead-sdr-us-gep-navi-mumbai-3-to-5-years-220625003170,https://img.naukimg.com/logo_images/groups/v1/1711838.gif
Sales Development Representative (SDR),Aion Tech Solutions,Bengaluru,https://www.naukri.com/job-listings-sales-development-representative-sdr-i4-consulting-bengaluru-2-to-5-years-230625011450,https://img.naukimg.com/logo_images/groups/v1/4803835.gif
"BDE, SDR,",Sharpsell Technology Solutions,Jamnagar,https://www.naukri.com/job-listings-bde-sdr-omniism-technologies-jamnagar-2-to-7-years-250625933927,https://img.naukimg.com/logo_images/groups/v1/4616245.gif
"BDE, SDR,",Konnect Insights,Ahmedabad,https://www.naukri.com/job-listings-bde-sdr-omniism-technologies-ahmedabad-2-to-7-years-250625933924,https://img.naukimg.com/logo_images/groups/v1/4616245.gif
Looking For SDR. Not a Seat Warmer. A Door Opener.,SPECTRA,Kochi,https://www.naukri.com/job-listings-looking-for-sdr-not-a-seat-warmer-a-door-opener-z-h-consultancy-services-kochi-2-to-7-years-230525015046,https://img.naukimg.com/logo_images/groups/v1/10661606.gif
SDR Manager - USA,GEP,Bengaluru,https://www.naukri.com/job-listings-sdr-manager-usa-gocomet-bengaluru-2-to-6-years-200625503269,https://img.naukimg.com/logo_images/groups/v1/1838344.gif
N/A,i4 Consulting,N/A,https://www.naukri.com/job-listings-founding-sdr-weekday-yc-w21-kolkata-mumbai-new-delhi-hyderabad-pune-chennai-bengaluru-3-to-6-years-180625504040,N/A
Sales Development Representative (SDR) For Pooling,Omniism Technologies,Bengaluru,https://www.naukri.com/job-listings-sales-development-representative-sdr-for-pooling-portcast-bengaluru-0-to-1-years-180625502551,https://img.naukimg.com/logo_images/groups/v1/6037763.gif
Women from SDR - Become a Recruiter | WFH,Omniism Technologies,Hiring office located in Bengaluru,https://www.naukri.com/job-listings-women-from-sdr-become-a-recruiter-wfh-jobs-territory-bengaluru-4-to-9-years-180625012503,https://img.naukimg.com/logo_images/groups/v1/2127278.gif
SDR 2,Z H Consultancy Services,Bengaluru,https://www.naukri.com/job-listings-sdr-2-trask-bengaluru-4-to-9-years-200625504240,https://img.naukimg.com/logo_images/groups/v1/10031076.gif
SDR US - Healthcare,Gocomet,Bengaluru,https://www.naukri.com/job-listings-sdr-us-healthcare-leadsquared-bengaluru-1-to-4-years-180625503897,https://img.naukimg.com/logo_images/groups/v1/4611229.gif
Sales Development Representative (SDR),Weekday Yc W21,Bengaluru,https://www.naukri.com/job-listings-sales-development-representative-sdr-coderenowned-bengaluru-0-to-2-years-160625502082,https://img.naukimg.com/logo_images/groups/v1/5978546.gif
